1,subject_1,/files/vids/blinks_1.mp4,/files/vids/blinsk_8.mp4,/files/vids/blinks_1.mp4,/files/vids/blinks_5.mp4,/files/vids/blinks_4.mp4,/files/vids/blinks_10.mp4,/files/vids/blinks_1.mp4,/files/vids/blinks_5.mp4,/files/vids/blinks_6.mp4,/files/vids/blinks_4.mp4,/files/vids/blinks_5.mp4,/files/vids/blinks_9.mp4,/files/vids/blinks_7.mp4,/files/vids/blinks_1.mp4,/files/vids/blinks_7.mp4,/files/vids/blinks_9.mp4,/files/vids/blinks_3.mp4,/files/vids/blinks_6.mp4,/files/vids/blinks_10.mp4,/files/vids/blinks_10.mp4
2,subject_2,/files/vids/blinks_2.mp4,/files/vids/blinks_4.mp4,/files/vids/blinsk_8.mp4,/files/vids/blinks_6.mp4,/files/vids/blinks_9.mp4,/files/vids/blinks_2.mp4,/files/vids/blinks_10.mp4,/files/vids/blinks_4.mp4,/files/vids/blinks_2.mp4,/files/vids/blinks_3.mp4,/files/vids/blinks_7.mp4,/files/vids/blinks_2.mp4,/files/vids/blinks_3.mp4,/files/vids/blinks_7.mp4,/files/vids/blinks_9.mp4,/files/vids/blinks_6.mp4,/files/vids/blinks_3.mp4,/files/vids/blinks_5.mp4,/files/vids/blinsk_8.mp4,/files/vids/blinsk_8.mp4
3,subject_3,/files/vids/blinks_4.mp4,/files/vids/blinks_5.mp4,/files/vids/blinks_10.mp4,/files/vids/blinks_3.mp4,/files/vids/blinks_10.mp4,/files/vids/blinks_6.mp4,/files/vids/blinks_5.mp4,/files/vids/blinsk_8.mp4,/files/vids/blinks_10.mp4,/files/vids/blinks_9.mp4,/files/vids/blinks_9.mp4,/files/vids/blinks_7.mp4,/files/vids/blinks_7.mp4,/files/vids/blinks_1.mp4,/files/vids/blinks_5.mp4,/files/vids/blinks_1.mp4,/files/vids/blinks_6.mp4,/files/vids/blinks_4.mp4,/files/vids/blinks_1.mp4,/files/vids/blinks_1.mp4
4,subject_4,/files/vids/blinks_4.mp4,/files/vids/blinks_7.mp4,/files/vids/blinks_4.mp4,/files/vids/blinsk_8.mp4,/files/vids/blinks_10.mp4,/files/vids/blinks_2.mp4,/files/vids/blinsk_8.mp4,/files/vids/blinks_2.mp4,/files/vids/blinks_9.mp4,/files/vids/blinsk_8.mp4,/files/vids/blinks_3.mp4,/files/vids/blinks_3.mp4,/files/vids/blinks_2.mp4,/files/vids/blinks_6.mp4,/files/vids/blinks_3.mp4,/files/vids/blinks_9.mp4,/files/vids/blinks_6.mp4,/files/vids/blinks_5.mp4,/files/vids/blinks_2.mp4,/files/vids/blinks_7.mp4
5,subject_5,/files/vids/blinks_1.mp4,/files/vids/blinks_4.mp4,/files/vids/blinks_10.mp4,/files/vids/blinks_7.mp4,/files/vids/blinks_7.mp4,/files/vids/blinks_10.mp4,/files/vids/blinks_5.mp4,/files/vids/blinks_1.mp4,/files/vids/blinks_5.mp4,/files/vids/blinks_10.mp4,/files/vids/blinks_5.mp4,/files/vids/blinks_6.mp4,/files/vids/blinks_1.mp4,/files/vids/blinks_3.mp4,/files/vids/blinks_9.mp4,/files/vids/blinks_9.mp4,/files/vids/blinks_4.mp4,/files/vids/blinks_1.mp4,/files/vids/blinsk_8.mp4,/files/vids/blinks_6.mp4
6,subject_6,/files/vids/blinks_2.mp4,/files/vids/blinks_3.mp4,/files/vids/blinks_3.mp4,/files/vids/blinks_9.mp4,/files/vids/blinks_2.mp4,/files/vids/blinks_2.mp4,/files/vids/blinsk_8.mp4,/files/vids/blinks_2.mp4,/files/vids/blinsk_8.mp4,/files/vids/blinks_4.mp4,/files/vids/blinks_3.mp4,/files/vids/blinks_6.mp4,/files/vids/blinks_10.mp4,/files/vids/blinks_9.mp4,/files/vids/blinks_7.mp4,/files/vids/blinsk_8.mp4,/files/vids/blinks_5.mp4,/files/vids/blinks_7.mp4,/files/vids/blinks_4.mp4,/files/vids/blinks_6.mp4
7,subject_7,/files/vids/blinks_4.mp4,/files/vids/blinks_1.mp4,/files/vids/blinks_6.mp4,/files/vids/blinks_10.mp4,/files/vids/blinks_5.mp4,/files/vids/blinks_1.mp4,/files/vids/blinks_7.mp4,/files/vids/blinks_3.mp4,/files/vids/blinks_4.mp4,/files/vids/blinks_1.mp4,/files/vids/blinks_10.mp4,/files/vids/blinks_9.mp4,/files/vids/blinks_10.mp4,/files/vids/blinks_9.mp4,/files/vids/blinsk_8.mp4,/files/vids/blinks_5.mp4,/files/vids/blinks_5.mp4,/files/vids/blinks_6.mp4,/files/vids/blinks_1.mp4,/files/vids/blinks_7.mp4
8,subject_8,/files/vids/blinks_6.mp4,/files/vids/blinsk_8.mp4,/files/vids/blinsk_8.mp4,/files/vids/blinsk_8.mp4,/files/vids/blinks_2.mp4,/files/vids/blinks_6.mp4,/files/vids/blinks_2.mp4,/files/vids/blinks_2.mp4,/files/vids/blinks_4.mp4,/files/vids/blinks_3.mp4,/files/vids/blinks_3.mp4,/files/vids/blinks_2.mp4,/files/vids/blinks_10.mp4,/files/vids/blinks_9.mp4,/files/vids/blinks_5.mp4,/files/vids/blinks_3.mp4,/files/vids/blinks_7.mp4,/files/vids/blinks_7.mp4,/files/vids/blinks_9.mp4,/files/vids/blinks_4.mp4
9,subject_9,/files/vids/blinks_10.mp4,/files/vids/blinks_6.mp4,/files/vids/blinks_5.mp4,/files/vids/blinks_3.mp4,/files/vids/blinks_4.mp4,/files/vids/blinks_7.mp4,/files/vids/blinks_1.mp4,/files/vids/blinks_9.mp4,/files/vids/blinks_7.mp4,/files/vids/blinks_1.mp4,/files/vids/blinks_10.mp4,/files/vids/blinks_6.mp4,/files/vids/blinks_5.mp4,/files/vids/blinks_5.mp4,/files/vids/blinks_10.mp4,/files/vids/blinks_1.mp4,/files/vids/blinks_9.mp4,/files/vids/blinks_4.mp4,/files/vids/blinks_1.mp4,/files/vids/blinsk_8.mp4
10,subject_10,/files/vids/blinks_4.mp4,/files/vids/blinks_2.mp4,/files/vids/blinsk_8.mp4,/files/vids/blinks_2.mp4,/files/vids/blinks_10.mp4,/files/vids/blinks_3.mp4,/files/vids/blinks_4.mp4,/files/vids/blinks_2.mp4,/files/vids/blinks_7.mp4,/files/vids/blinks_3.mp4,/files/vids/blinsk_8.mp4,/files/vids/blinks_2.mp4,/files/vids/blinks_6.mp4,/files/vids/blinks_9.mp4,/files/vids/blinks_7.mp4,/files/vids/blinks_6.mp4,/files/vids/blinsk_8.mp4,/files/vids/blinks_9.mp4,/files/vids/blinks_3.mp4,/files/vids/blinks_5.mp4
11,subject_11,/files/vids/blinks_4.mp4,/files/vids/blinks_3.mp4,/files/vids/blinks_7.mp4,/files/vids/blinks_5.mp4,/files/vids/blinks_1.mp4,/files/vids/blinks_9.mp4,/files/vids/blinks_5.mp4,/files/vids/blinks_10.mp4,/files/vids/blinks_10.mp4,/files/vids/blinks_10.mp4,/files/vids/blinks_4.mp4,/files/vids/blinks_9.mp4,/files/vids/blinks_5.mp4,/files/vids/blinsk_8.mp4,/files/vids/blinks_1.mp4,/files/vids/blinks_6.mp4,/files/vids/blinks_6.mp4,/files/vids/blinks_1.mp4,/files/vids/blinks_7.mp4,/files/vids/blinks_1.mp4
12,subject_12,/files/vids/blinks_6.mp4,/files/vids/blinks_9.mp4,/files/vids/blinks_7.mp4,/files/vids/blinks_7.mp4,/files/vids/blinks_2.mp4,/files/vids/blinsk_8.mp4,/files/vids/blinks_5.mp4,/files/vids/blinks_3.mp4,/files/vids/blinks_2.mp4,/files/vids/blinks_2.mp4,/files/vids/blinks_6.mp4,/files/vids/blinks_4.mp4,/files/vids/blinsk_8.mp4,/files/vids/blinks_9.mp4,/files/vids/blinks_3.mp4,/files/vids/blinsk_8.mp4,/files/vids/blinks_10.mp4,/files/vids/blinks_2.mp4,/files/vids/blinks_3.mp4,/files/vids/blinks_4.mp4
13,subject_13,/files/vids/blinks_5.mp4,/files/vids/blinks_1.mp4,/files/vids/blinks_9.mp4,/files/vids/blinks_7.mp4,/files/vids/blinks_5.mp4,/files/vids/blinks_10.mp4,/files/vids/blinks_6.mp4,/files/vids/blinks_10.mp4,/files/vids/blinks_3.mp4,/files/vids/blinks_1.mp4,/files/vids/blinks_1.mp4,/files/vids/blinks_1.mp4,/files/vids/blinks_10.mp4,/files/vids/blinsk_8.mp4,/files/vids/blinks_5.mp4,/files/vids/blinks_7.mp4,/files/vids/blinks_6.mp4,/files/vids/blinks_4.mp4,/files/vids/blinks_9.mp4,/files/vids/blinks_4.mp4
14,subject_14,/files/vids/blinks_2.mp4,/files/vids/blinks_3.mp4,/files/vids/blinks_5.mp4,/files/vids/blinks_10.mp4,/files/vids/blinks_7.mp4,/files/vids/blinks_2.mp4,/files/vids/blinks_6.mp4,/files/vids/blinks_2.mp4,/files/vids/blinsk_8.mp4,/files/vids/blinks_7.mp4,/files/vids/blinsk_8.mp4,/files/vids/blinks_4.mp4,/files/vids/blinsk_8.mp4,NA,/files/vids/blinks_9.mp4,/files/vids/blinks_6.mp4,/files/vids/blinks_4.mp4,/files/vids/blinks_2.mp4,/files/vids/blinks_9.mp4,/files/vids/blinks_3.mp4
15,subject_15,/files/vids/blinks_10.mp4,/files/vids/blinks_6.mp4,/files/vids/blinks_5.mp4,/files/vids/blinks_4.mp4,/files/vids/blinks_1.mp4,/files/vids/blinks_6.mp4,/files/vids/blinks_1.mp4,/files/vids/blinks_10.mp4,/files/vids/blinks_5.mp4,/files/vids/blinks_1.mp4,/files/vids/blinks_7.mp4,/files/vids/blinks_10.mp4,/files/vids/blinks_1.mp4,/files/vids/blinks_9.mp4,/files/vids/blinsk_8.mp4,/files/vids/blinks_9.mp4,/files/vids/blinks_5.mp4,/files/vids/blinks_7.mp4,/files/vids/blinks_4.mp4,/files/vids/blinks_3.mp4
16,subject_16,/files/vids/blinks_4.mp4,/files/vids/blinsk_8.mp4,/files/vids/blinks_2.mp4,/files/vids/blinks_6.mp4,/files/vids/blinks_2.mp4,/files/vids/blinks_4.mp4,/files/vids/blinks_10.mp4,/files/vids/blinks_7.mp4,/files/vids/blinks_3.mp4,/files/vids/blinks_2.mp4,/files/vids/blinks_6.mp4,/files/vids/blinks_9.mp4,/files/vids/blinsk_8.mp4,/files/vids/blinks_7.mp4,/files/vids/blinks_5.mp4,/files/vids/blinks_3.mp4,/files/vids/blinks_3.mp4,/files/vids/blinks_2.mp4,/files/vids/blinsk_8.mp4,/files/vids/blinks_9.mp4
17,subject_17,/files/vids/blinks_10.mp4,/files/vids/blinks_4.mp4,/files/vids/blinks_1.mp4,/files/vids/blinks_5.mp4,/files/vids/blinks_5.mp4,/files/vids/blinks_3.mp4,/files/vids/blinks_7.mp4,/files/vids/blinks_4.mp4,/files/vids/blinks_9.mp4,/files/vids/blinks_10.mp4,/files/vids/blinks_1.mp4,/files/vids/blinks_10.mp4,/files/vids/blinks_6.mp4,/files/vids/blinks_1.mp4,/files/vids/blinks_5.mp4,/files/vids/blinks_6.mp4,/files/vids/blinks_9.mp4,/files/vids/blinks_1.mp4,/files/vids/blinsk_8.mp4,/files/vids/blinks_7.mp4
18,subject_18,/files/vids/blinks_3.mp4,/files/vids/blinks_7.mp4,/files/vids/blinks_3.mp4,/files/vids/blinks_2.mp4,/files/vids/blinks_7.mp4,/files/vids/blinks_3.mp4,/files/vids/blinsk_8.mp4,/files/vids/blinks_9.mp4,/files/vids/blinsk_8.mp4,/files/vids/blinks_2.mp4,/files/vids/blinks_6.mp4,/files/vids/blinks_5.mp4,/files/vids/blinks_2.mp4,/files/vids/blinks_6.mp4,/files/vids/blinsk_8.mp4,/files/vids/blinks_2.mp4,/files/vids/blinks_4.mp4,/files/vids/blinks_9.mp4,/files/vids/blinks_10.mp4,/files/vids/blinks_4.mp4
19,subject_19,/files/vids/blinks_1.mp4,/files/vids/blinks_1.mp4,/files/vids/blinks_5.mp4,/files/vids/blinks_4.mp4,/files/vids/blinks_6.mp4,/files/vids/blinks_9.mp4,/files/vids/blinks_10.mp4,/files/vids/blinks_7.mp4,/files/vids/blinks_5.mp4,/files/vids/blinks_9.mp4,/files/vids/blinks_1.mp4,/files/vids/blinks_10.mp4,/files/vids/blinsk_8.mp4,/files/vids/blinks_3.mp4,/files/vids/blinks_5.mp4,/files/vids/blinks_1.mp4,/files/vids/blinks_10.mp4,/files/vids/blinks_7.mp4,/files/vids/blinks_6.mp4,/files/vids/blinks_4.mp4
20,subject_20,/files/vids/blinks_9.mp4,/files/vids/blinsk_8.mp4,NA,/files/vids/blinks_10.mp4,/files/vids/blinks_4.mp4,/files/vids/blinsk_8.mp4,NA,/files/vids/blinks_6.mp4,/files/vids/blinks_2.mp4,/files/vids/blinks_5.mp4,/files/vids/blinks_7.mp4,/files/vids/blinks_2.mp4,/files/vids/blinks_2.mp4,/files/vids/blinks_3.mp4,/files/vids/blinks_6.mp4,/files/vids/blinks_4.mp4,/files/vids/blinks_3.mp4,/files/vids/blinsk_8.mp4,/files/vids/blinks_2.mp4,/files/vids/blinks_7.mp4
21,subject_21,/files/vids/blinks_1.mp4,/files/vids/blinks_7.mp4,/files/vids/blinks_1.mp4,/files/vids/blinks_5.mp4,/files/vids/blinsk_8.mp4,/files/vids/blinks_10.mp4,/files/vids/blinks_10.mp4,/files/vids/blinks_1.mp4,/files/vids/blinks_9.mp4,/files/vids/blinks_6.mp4,/files/vids/blinks_4.mp4,/files/vids/blinks_4.mp4,/files/vids/blinks_9.mp4,/files/vids/blinks_1.mp4,/files/vids/blinks_3.mp4,/files/vids/blinks_6.mp4,/files/vids/blinks_10.mp4,/files/vids/blinks_7.mp4,/files/vids/blinks_5.mp4,/files/vids/blinks_5.mp4
22,subject_22,/files/vids/blinks_2.mp4,/files/vids/blinks_3.mp4,/files/vids/blinks_6.mp4,/files/vids/blinks_7.mp4,/files/vids/blinks_7.mp4,/files/vids/blinks_9.mp4,/files/vids/blinks_3.mp4,/files/vids/blinsk_8.mp4,/files/vids/blinks_4.mp4,/files/vids/blinks_10.mp4,/files/vids/blinsk_8.mp4,/files/vids/blinks_3.mp4,/files/vids/blinks_6.mp4,/files/vids/blinks_4.mp4,/files/vids/blinks_2.mp4,/files/vids/blinks_5.mp4,/files/vids/blinks_2.mp4,/files/vids/blinks_2.mp4,/files/vids/blinsk_8.mp4,/files/vids/blinks_9.mp4
23,subject_23,/files/vids/blinks_1.mp4,/files/vids/blinks_5.mp4,/files/vids/blinks_10.mp4,/files/vids/blinks_1.mp4,/files/vids/blinks_9.mp4,/files/vids/blinks_4.mp4,/files/vids/blinks_5.mp4,/files/vids/blinks_1.mp4,/files/vids/blinks_10.mp4,/files/vids/blinks_7.mp4,/files/vids/blinks_9.mp4,/files/vids/blinks_10.mp4,/files/vids/blinks_5.mp4,/files/vids/blinks_6.mp4,/files/vids/blinks_4.mp4,/files/vids/blinks_1.mp4,/files/vids/blinks_3.mp4,/files/vids/blinks_6.mp4,/files/vids/blinks_7.mp4,/files/vids/blinsk_8.mp4
